player,fg,fga,fg_pct,3p,3pa,3p_pct,2p,2pa,2p_pct,efg_pct,ft,fta,ft_pct,orb,drb,trb,ast,stl,blk,tov,pf,pts,per,ts_pct,3par,ftr,orb_pct,drb_pct,trb_pct,ast_pct,stl_pct,blk_pct,tov_pct,usg_pct,ows,dws,ws,ws_48,obpm,dbpm,bpm,vorp,team
Harrison Barnes,5.5,11.1,0.497,1.7,4.4,0.391,3.8,6.7,0.567,0.575,3.4,4.1,0.83,1.1,5.5,6.6,3.5,0.7,0.2,1.6,1.3,16.1,15.4,0.626,0.399,0.366,3.3,17.2,10.2,13.0,1.0,0.4,11.1,17.2,4.0,0.5,4.5,0.103,1.5,-1.3,0.2,1.1,SAC
De'Aaron Fox,9.1,19.1,0.477,1.8,5.5,0.322,7.3,13.6,0.539,0.523,5.2,7.2,0.719,0.6,2.9,3.5,7.2,1.5,0.5,3.0,2.9,25.2,20.7,0.565,0.288,0.376,1.8,9.4,5.5,32.7,2.1,1.1,11.9,31.0,3.4,0.8,4.2,0.098,3.1,-1.3,1.8,2.0,SAC
Buddy Hield,5.7,14.0,0.406,4.0,10.2,0.391,1.7,3.8,0.446,0.548,1.2,1.5,0.846,0.4,4.3,4.7,3.6,0.9,0.4,1.8,2.5,16.6,12.8,0.567,0.727,0.105,1.3,14.1,7.6,14.7,1.2,1.0,11.1,20.7,1.5,0.7,2.2,0.044,1.0,-1.6,-0.6,0.9,SAC
Tyrese Haliburton,5.0,10.7,0.472,2.1,5.1,0.409,2.9,5.6,0.529,0.569,0.8,1.0,0.857,0.7,2.3,3.0,5.3,1.3,0.5,1.6,1.4,13.0,16.2,0.585,0.478,0.09,2.4,8.6,5.5,24.6,2.1,1.4,12.5,18.1,2.8,0.7,3.5,0.096,1.9,-0.5,1.4,1.5,SAC
Richaun Holmes,6.0,9.4,0.637,0.0,0.2,0.182,6.0,9.2,0.645,0.638,2.2,2.8,0.794,2.4,5.9,8.3,1.7,0.6,1.6,1.2,3.5,14.2,20.2,0.669,0.019,0.296,8.8,22.7,15.7,8.3,1.1,4.6,10.3,17.5,4.7,1.4,6.1,0.165,0.6,0.0,0.6,1.2,SAC
Marvin Bagley III,5.7,11.4,0.504,0.9,2.5,0.343,4.9,8.9,0.55,0.542,1.8,3.1,0.575,2.5,4.9,7.4,1.0,0.5,0.5,1.4,2.3,14.1,16.3,0.554,0.22,0.273,10.4,21.5,15.9,5.8,0.9,1.6,9.7,23.5,0.9,0.5,1.4,0.059,-0.4,-2.7,-3.1,-0.3,SAC
Delon Wright,3.9,8.3,0.462,1.2,3.1,0.398,2.6,5.3,0.5,0.536,1.1,1.3,0.833,1.0,2.9,3.9,3.6,1.6,0.4,1.3,1.1,10.0,15.9,0.563,0.369,0.16,4.4,12.5,8.4,18.9,3.0,1.3,12.7,17.1,0.8,0.5,1.3,0.092,0.5,0.6,1.2,0.6,SAC
Maurice Harkless,2.5,5.8,0.421,0.7,2.8,0.247,1.8,3.0,0.582,0.48,1.3,1.6,0.805,0.4,2.5,2.9,1.4,1.1,0.6,0.7,2.8,6.9,8.8,0.526,0.48,0.27,1.9,11.3,6.5,7.3,2.1,2.1,10.1,12.6,0.1,0.3,0.5,0.036,-3.8,0.0,-3.8,-0.3,SAC
Terence Davis,4.0,9.1,0.439,2.0,5.4,0.372,2.0,3.7,0.535,0.549,1.1,1.4,0.784,0.4,2.9,3.3,1.7,1.0,0.3,1.3,1.8,11.1,14.0,0.57,0.589,0.15,2.1,14.9,8.4,11.3,2.2,1.0,11.5,21.9,0.2,0.3,0.6,0.047,-0.1,-0.9,-0.9,0.2,SAC
Cory Joseph,2.5,5.7,0.444,0.7,2.1,0.33,1.8,3.5,0.513,0.506,0.8,1.1,0.766,0.6,1.7,2.3,2.5,0.9,0.2,1.0,2.2,6.6,9.9,0.534,0.376,0.188,2.9,8.8,5.8,14.9,2.0,0.8,14.0,14.3,0.4,0.3,0.7,0.037,-3.0,-0.3,-3.3,-0.3,SAC
Damian Jones,2.7,4.1,0.657,0.1,0.2,0.25,2.6,3.9,0.682,0.664,1.5,2.1,0.714,1.2,3.3,4.5,1.4,0.5,1.0,0.9,2.1,6.9,15.9,0.691,0.057,0.5,6.7,18.5,12.5,9.4,1.3,4.2,14.9,12.7,0.7,0.2,0.9,0.132,-1.0,0.3,-0.6,0.1,SAC
Nemanja Bjelica,2.7,5.8,0.46,0.7,2.2,0.293,2.0,3.5,0.565,0.517,1.2,1.6,0.762,0.9,2.9,3.8,1.9,0.3,0.1,1.1,1.8,7.2,12.7,0.555,0.387,0.28,6.0,19.5,12.6,15.3,0.9,0.4,14.3,19.3,0.3,0.1,0.5,0.052,-1.3,-1.3,-2.6,-0.1,SAC
Glenn Robinson III,1.8,4.3,0.424,0.7,1.9,0.364,1.1,2.4,0.473,0.505,0.9,1.0,0.913,0.5,1.5,2.0,0.9,0.2,0.1,0.5,1.0,5.3,9.0,0.554,0.444,0.232,3.3,10.4,6.8,7.0,0.5,0.7,9.2,14.0,0.3,0.0,0.3,0.033,-1.9,-2.2,-4.0,-0.2,SAC
Hassan Whiteside,3.5,6.2,0.563,0.0,0.0,0.0,3.5,6.2,0.565,0.563,1.1,2.2,0.519,1.7,4.3,6.0,0.6,0.3,1.3,1.1,2.0,8.1,19.2,0.566,0.004,0.353,12.2,31.8,21.9,5.6,0.8,7.1,13.4,23.5,0.3,0.6,0.9,0.081,-1.8,-0.4,-2.2,0.0,SAC
Louis King,2.8,5.7,0.5,0.7,1.8,0.364,2.2,3.8,0.565,0.559,1.0,1.0,1.0,0.8,2.2,3.0,1.5,1.2,0.5,0.7,1.5,7.3,21.2,0.6,0.324,0.176,6.4,17.2,11.8,15.4,4.0,3.0,9.8,20.6,0.2,0.1,0.3,0.16,2.3,2.5,4.9,0.1,SAC
Chimezie Metu,2.5,5.0,0.508,0.4,1.0,0.351,2.2,3.9,0.549,0.545,0.9,1.2,0.721,0.9,2.3,3.1,0.8,0.4,0.5,0.8,1.6,6.3,14.5,0.571,0.207,0.24,7.0,18.7,12.7,8.2,1.4,3.1,12.8,20.0,0.3,0.3,0.6,0.061,-2.2,-1.3,-3.6,-0.2,SAC
DaQuan Jeffries,1.3,3.2,0.421,0.5,1.6,0.321,0.8,1.6,0.517,0.5,0.3,0.4,0.857,0.5,1.1,1.6,0.3,0.4,0.2,0.4,1.3,3.5,7.2,0.524,0.491,0.123,4.2,9.7,6.9,3.3,1.4,1.5,11.8,12.6,0.0,0.1,0.0,0.008,-3.7,-1.6,-5.3,-0.2,SAC
Jabari Parker,1.3,2.3,0.571,0.0,0.3,0.0,1.3,2.0,0.667,0.571,0.0,0.0,,0.3,1.7,2.0,0.3,0.0,0.3,1.0,1.3,2.7,5.0,0.571,0.143,0.0,4.1,20.8,12.3,5.0,0.0,3.1,30.0,15.9,-0.1,0.0,0.0,-0.073,-7.7,-1.4,-9.1,0.0,SAC
Justin James,1.4,3.1,0.468,0.4,1.1,0.368,1.1,2.0,0.521,0.532,0.6,1.0,0.583,0.3,0.6,0.8,0.6,0.2,0.1,0.4,0.6,3.9,11.3,0.548,0.342,0.324,3.2,7.6,5.4,9.9,1.2,0.8,10.6,19.7,0.1,0.0,0.1,0.02,-2.0,-2.3,-4.3,-0.2,SAC
Kyle Guy,0.9,2.8,0.33,0.4,1.5,0.283,0.5,1.4,0.381,0.403,0.5,0.6,0.8,0.2,1.0,1.1,1.0,0.2,0.0,0.4,0.6,2.8,8.5,0.449,0.523,0.227,2.3,14.4,8.3,17.9,1.2,0.0,10.2,19.7,-0.1,0.1,-0.1,-0.015,-3.7,-2.1,-5.8,-0.2,SAC
Jahmi'us Ramsey,1.2,2.9,0.395,0.4,1.5,0.263,0.8,1.5,0.526,0.461,0.4,0.4,1.0,0.2,0.6,0.8,0.5,0.3,0.1,0.2,0.6,3.1,10.5,0.498,0.5,0.132,2.3,9.6,5.9,8.8,2.0,0.9,6.9,19.8,0.0,0.0,0.0,0.012,-3.1,-1.4,-4.5,-0.1,SAC
Norvel Pelle,0.0,1.0,0.0,0.0,0.0,,0.0,1.0,0.0,0.0,3.0,4.0,0.75,1.0,0.0,1.0,1.0,0.0,0.0,0.0,1.0,3.0,30.1,0.543,0.0,4.0,27.4,0.0,13.9,28.2,0.0,0.0,0.0,29.7,0.0,0.0,0.0,0.374,6.1,-2.9,3.2,0.0,SAC
Robert Woodard II,0.6,1.5,0.4,0.1,0.5,0.167,0.5,1.1,0.5,0.425,0.2,0.6,0.375,0.3,0.9,1.2,0.2,0.0,0.2,0.1,0.3,1.5,12.5,0.425,0.3,0.4,9.7,30.0,19.7,6.3,0.0,5.6,4.1,23.4,0.0,0.0,0.0,-0.011,-2.7,-2.6,-5.3,0.0,SAC
Chris Silva,0.3,0.8,0.333,0.0,0.0,,0.3,0.8,0.333,0.333,0.0,0.0,,0.0,0.5,0.5,0.0,0.0,0.3,0.3,1.0,0.5,-5.9,0.333,0.0,0.0,0.0,25.0,12.3,0.0,0.0,9.4,25.0,19.1,-0.1,0.0,0.0,-0.219,-19.3,-1.3,-20.6,0.0,SAC
